{
  "project_info": {
    "project_number": "924507937416",
    "project_id": "kids-tell-d0ks8m",
    "storage_bucket": "kids-tell-d0ks8m.firebasestorage.app"
  },
  "client": [
    {
      "client_info": {
        "mobilesdk_app_id": "1:924507937416:android:72dfc995deeb087fef5d3d",
        "android_client_info": {
          "package_name": "com.example.kidsdom"
        }
      },
      "oauth_client": [],
      "api_key": [
        {
          "current_key": "AIzaSyAE5VWehuvDsLdzT3FKKnWwrXBhIJ841vc"
        }
      ],
      "services": {
        "appinvite_service": {
          "other_platform_oauth_client": []
        }
      }
    },
    {
      "client_info": {
        "mobilesdk_app_id": "1:924507937416:android:f2b4806d7cd99269ef5d3d",
        "android_client_info": {
          "package_name": "com.mycompany.kidstel"
        }
      },
      "oauth_client": [],
      "api_key": [
        {
          "current_key": "AIzaSyAE5VWehuvDsLdzT3FKKnWwrXBhIJ841vc"
        }
      ],
      "services": {
        "appinvite_service": {
          "other_platform_oauth_client": []
        }
      }
    }
  ],
  "configuration_version": "1"
}